a0,Student,2,275,12,1052,1029,-131,-521,-134,-517,-98,-484,-88,-495
a1,Student,2,275,82,1052,1029,-131,-521,-98,-493,-98,-484,-88,-495
a2,Student,2,275,82,1052,1029,-131,-521,-98,-493,-98,-484,-88,-495
a3,Student,2,275,0,1052,1029,-131,-521,-135,-504,-98,-484,-88,-495
a4,Student,2,275,3,1052,1029,-131,-521,-134,-508,-98,-484,-88,-495
a5,Student,2,275,26,1052,1029,-131,-521,-116,-517,-98,-484,-88,-495
a6,Student,2,275,12,1052,1029,-131,-521,-134,-517,-98,-484,-88,-495
a7,Student,2,275,1,1052,1029,-131,-521,-127,-508,-98,-484,-88,-495
a8,Student,2,275,3,1052,1029,-131,-521,-134,-508,-98,-484,-88,-495
a9,Student,2,275,27,1052,1029,-131,-521,-120,-502,-98,-484,-88,-495
a10,Student,2,275,15,1052,1029,-131,-521,-127,-515,-98,-484,-88,-495
a11,Student,2,1817,82,1052,1029,-130,-523,-98,-493,-98,-484,-88,-495
a12,Student,2,1817,101,1052,1029,-130,-523,-119,-525,-98,-484,-88,-495
a13,Student,2,1817,15,1052,1029,-130,-523,-127,-515,-98,-484,-88,-495
a14,Student,2,1817,3,1052,1029,-130,-523,-134,-508,-98,-484,-88,-495
a15,Student,2,1817,11,1052,1029,-130,-523,-128,-526,-98,-484,-88,-495
a16,Student,2,1817,1,1052,1029,-130,-523,-127,-508,-98,-484,-88,-495
a17,Student,2,1817,101,1052,1029,-130,-523,-119,-525,-98,-484,-88,-495
a18,Student,2,1817,3,1052,1029,-130,-523,-134,-508,-98,-484,-88,-495
a19,Student,2,1817,27,1052,1029,-130,-523,-120,-502,-98,-484,-88,-495
a20,Student,2,1817,242,1052,1029,-130,-523,-115,-510,-98,-484,-88,-495
a21,Student,2,1817,101,1052,1029,-130,-523,-119,-525,-98,-484,-88,-495
a22,Student,2,1908,82,1052,1029,-138,-517,-98,-493,-98,-484,-88,-495
a23,Student,2,1908,0,1052,1029,-138,-517,-135,-504,-98,-484,-88,-495
a24,Student,2,1908,82,1052,1029,-138,-517,-98,-493,-98,-484,-88,-495
a25,Student,2,1908,0,1052,1029,-138,-517,-135,-504,-98,-484,-88,-495
a26,Student,2,1908,242,1052,1029,-138,-517,-115,-510,-98,-484,-88,-495
a27,Student,2,1908,26,1052,1029,-138,-517,-116,-517,-98,-484,-88,-495
a28,Student,2,1908,24,1052,1029,-138,-517,-123,-513,-98,-484,-88,-495
a29,Student,2,1908,12,1052,1029,-138,-517,-134,-517,-98,-484,-88,-495
a30,Student,2,1908,12,1052,1029,-138,-517,-134,-517,-98,-484,-88,-495
a31,Student,2,1908,242,1052,1029,-138,-517,-115,-510,-98,-484,-88,-495
a32,Student,2,1908,242,1052,1029,-138,-517,-115,-510,-98,-484,-88,-495
a33,Student,2,1909,26,1052,1029,-134,-526,-116,-517,-98,-484,-88,-495
a34,Student,2,1909,1,1052,1029,-134,-526,-127,-508,-98,-484,-88,-495
a35,Student,2,1909,24,1052,1029,-134,-526,-123,-513,-98,-484,-88,-495
a36,Student,2,1909,0,1052,1029,-134,-526,-135,-504,-98,-484,-88,-495
a37,Student,2,1909,11,1052,1029,-134,-526,-128,-526,-98,-484,-88,-495
a38,Student,2,1909,101,1052,1029,-134,-526,-119,-525,-98,-484,-88,-495
a39,Student,2,1909,26,1052,1029,-134,-526,-116,-517,-98,-484,-88,-495
a40,Student,2,1909,27,1052,1029,-134,-526,-120,-502,-98,-484,-88,-495
a41,Student,2,1909,11,1052,1029,-134,-526,-128,-526,-98,-484,-88,-495
a42,Student,2,1909,0,1052,1029,-134,-526,-135,-504,-98,-484,-88,-495
a43,Student,2,1909,15,1052,1029,-134,-526,-127,-515,-98,-484,-88,-495
a44,Student,2,1855,24,1052,1029,-126,-503,-123,-513,-98,-484,-88,-495
a45,Student,2,1855,3,1052,1029,-126,-503,-134,-508,-98,-484,-88,-495
a46,Student,2,1855,27,1052,1029,-126,-503,-120,-502,-98,-484,-88,-495
a47,Student,2,1855,24,1052,1029,-126,-503,-123,-513,-98,-484,-88,-495
a48,Student,2,1855,27,1052,1029,-126,-503,-120,-502,-98,-484,-88,-495
a49,Student,2,1855,101,1052,1029,-126,-503,-119,-525,-98,-484,-88,-495
a50,Student,2,1855,82,1052,1029,-126,-503,-98,-493,-98,-484,-88,-495
a51,Student,2,1855,27,1052,1029,-126,-503,-120,-502,-98,-484,-88,-495
a52,Student,2,1855,1,1052,1029,-126,-503,-127,-508,-98,-484,-88,-495
a53,Student,2,1855,15,1052,1029,-126,-503,-127,-515,-98,-484,-88,-495
a54,Student,2,1855,24,1052,1029,-126,-503,-123,-513,-98,-484,-88,-495
a55,Student,2,1855,1,1052,1029,-126,-503,-127,-508,-98,-484,-88,-495
a56,Student,2,1916,3,1052,1029,-143,-523,-134,-508,-98,-484,-88,-495
a57,Student,2,1916,24,1052,1029,-143,-523,-123,-513,-98,-484,-88,-495
a58,Student,2,1916,26,1052,1029,-143,-523,-116,-517,-98,-484,-88,-495
a59,Student,2,1916,82,1052,1029,-143,-523,-98,-493,-98,-484,-88,-495
a60,Student,2,1916,1,1052,1029,-143,-523,-127,-508,-98,-484,-88,-495
a61,Student,2,1916,11,1052,1029,-143,-523,-128,-526,-98,-484,-88,-495
a62,Student,2,1916,0,1052,1029,-143,-523,-135,-504,-98,-484,-88,-495
a63,Student,2,1916,82,1052,1029,-143,-523,-98,-493,-98,-484,-88,-495
a64,Student,2,1916,15,1052,1029,-143,-523,-127,-515,-98,-484,-88,-495
a65,Student,2,1916,1,1052,1029,-143,-523,-127,-508,-98,-484,-88,-495
a66,Student,2,1916,101,1052,1029,-143,-523,-119,-525,-98,-484,-88,-495
a67,Student,2,1916,15,1052,1029,-143,-523,-127,-515,-98,-484,-88,-495
a68,Student,2,214,101,1052,9,-129,-499,-119,-525,-98,-484,-93,-481
a69,Student,2,214,101,1052,9,-129,-499,-119,-525,-98,-484,-93,-481
a70,Student,2,214,101,1052,9,-129,-499,-119,-525,-98,-484,-93,-481
a71,Student,2,214,15,1052,9,-129,-499,-127,-515,-98,-484,-93,-481
a72,Student,2,1912,3,304,1029,-116,-528,-134,-508,-86,-498,-88,-495
a73,Student,2,1912,82,304,1029,-116,-528,-98,-493,-86,-498,-88,-495
a74,Student,2,1912,82,304,1029,-116,-528,-98,-493,-86,-498,-88,-495
a75,Student,2,1912,0,304,1029,-116,-528,-135,-504,-86,-498,-88,-495
a76,Student,2,1912,101,304,1029,-116,-528,-119,-525,-86,-498,-88,-495
a77,Student,2,1912,82,304,1029,-116,-528,-98,-493,-86,-498,-88,-495
a78,Student,2,1912,3,304,1029,-116,-528,-134,-508,-86,-498,-88,-495
a79,Student,2,1912,11,304,1029,-116,-528,-128,-526,-86,-498,-88,-495
a80,Student,2,1912,26,304,1029,-116,-528,-116,-517,-86,-498,-88,-495
a81,Student,2,1912,82,304,1029,-116,-528,-98,-493,-86,-498,-88,-495
a82,Student,2,1912,3,304,1029,-116,-528,-134,-508,-86,-498,-88,-495
a83,Student,2,1912,101,304,1029,-116,-528,-119,-525,-86,-498,-88,-495
a84,Student,2,1912,101,304,1029,-116,-528,-119,-525,-86,-498,-88,-495
a85,Student,2,1912,0,304,1029,-116,-528,-135,-504,-86,-498,-88,-495
a86,Student,2,1912,27,304,1029,-116,-528,-120,-502,-86,-498,-88,-495
a87,Student,2,1912,242,304,1029,-116,-528,-115,-510,-86,-498,-88,-495
a88,Student,2,1912,12,304,1029,-116,-528,-134,-517,-86,-498,-88,-495
a89,Student,2,1912,82,304,1029,-116,-528,-98,-493,-86,-498,-88,-495
a90,Student,2,1912,15,304,1029,-116,-528,-127,-515,-86,-498,-88,-495
a91,Student,2,1912,24,304,1029,-116,-528,-123,-513,-86,-498,-88,-495
a92,Student,2,1912,24,304,1029,-116,-528,-123,-513,-86,-498,-88,-495
a93,Student,2,1912,82,304,1029,-116,-528,-98,-493,-86,-498,-88,-495
a94,Student,2,1912,101,304,1029,-116,-528,-119,-525,-86,-498,-88,-495
a95,Student,2,1912,24,304,1029,-116,-528,-123,-513,-86,-498,-88,-495
a96,Student,2,1912,0,304,1029,-116,-528,-135,-504,-86,-498,-88,-495
a97,Student,2,1912,15,304,1029,-116,-528,-127,-515,-86,-498,-88,-495
a98,Student,2,1912,11,304,1029,-116,-528,-128,-526,-86,-498,-88,-495
a99,Student,2,1912,26,304,1029,-116,-528,-116,-517,-86,-498,-88,-495
a100,Student,2,1000,224,395,489,-213,-524,-220,-527,-203,-541,-290,-455
a101,Student,2,1000,224,395,489,-213,-524,-220,-527,-203,-541,-290,-455
a102,Student,2,1000,33,395,489,-213,-524,-223,-528,-203,-541,-290,-455
a103,Student,2,1000,224,395,489,-213,-524,-220,-527,-203,-541,-290,-455
a104,Student,2,7,33,395,489,-225,-538,-223,-528,-203,-541,-290,-455
a105,Student,2,7,224,395,489,-225,-538,-220,-527,-203,-541,-290,-455
a106,Student,2,7,223,395,489,-225,-538,-229,-527,-203,-541,-290,-455
a107,Student,2,7,224,395,489,-225,-538,-220,-527,-203,-541,-290,-455
a108,Student,2,7,33,395,489,-225,-538,-223,-528,-203,-541,-290,-455
a109,Student,2,7,33,395,489,-225,-538,-223,-528,-203,-541,-290,-455
a110,Student,2,7,224,395,489,-225,-538,-220,-527,-203,-541,-290,-455
a111,Student,2,7,223,395,489,-225,-538,-229,-527,-203,-541,-290,-455
a112,Student,2,7,224,395,489,-225,-538,-220,-527,-203,-541,-290,-455
a113,Student,2,7,33,395,489,-225,-538,-223,-528,-203,-541,-290,-455
a114,Student,2,7,223,395,489,-225,-538,-229,-527,-203,-541,-290,-455
a115,Student,2,7,223,395,489,-225,-538,-229,-527,-203,-541,-290,-455
a116,Student,2,7,33,395,489,-225,-538,-223,-528,-203,-541,-290,-455
a117,Student,2,7,224,395,489,-225,-538,-220,-527,-203,-541,-290,-455
a118,Student,2,7,224,395,489,-225,-538,-220,-527,-203,-541,-290,-455
a119,Student,2,7,224,395,489,-225,-538,-220,-527,-203,-541,-290,-455
a120,Student,2,7,33,395,489,-225,-538,-223,-528,-203,-541,-290,-455
a121,Student,2,7,223,395,489,-225,-538,-229,-527,-203,-541,-290,-455
a122,Student,2,7,224,395,489,-225,-538,-220,-527,-203,-541,-290,-455
a123,Student,2,7,223,395,489,-225,-538,-229,-527,-203,-541,-290,-455
a124,Student,2,7,224,395,489,-225,-538,-220,-527,-203,-541,-290,-455
a125,Student,2,7,223,395,489,-225,-538,-229,-527,-203,-541,-290,-455
a126,Student,2,7,223,395,489,-225,-538,-229,-527,-203,-541,-290,-455
a127,Student,2,7,224,395,489,-225,-538,-220,-527,-203,-541,-290,-455
a128,Student,2,7,224,395,489,-225,-538,-220,-527,-203,-541,-290,-455
a129,Student,2,7,33,395,489,-225,-538,-223,-528,-203,-541,-290,-455
a130,Student,2,7,33,395,489,-225,-538,-223,-528,-203,-541,-290,-455
a131,Student,2,7,33,395,489,-225,-538,-223,-528,-203,-541,-290,-455
a132,Student,2,7,33,395,489,-225,-538,-223,-528,-203,-541,-290,-455
a133,Student,2,7,223,395,489,-225,-538,-229,-527,-203,-541,-290,-455
a134,Student,2,7,223,395,489,-225,-538,-229,-527,-203,-541,-290,-455
a135,Student,2,7,224,395,489,-225,-538,-220,-527,-203,-541,-290,-455
a136,Student,2,7,33,395,489,-225,-538,-223,-528,-203,-541,-290,-455
a137,Student,2,7,223,395,489,-225,-538,-229,-527,-203,-541,-290,-455
a138,Student,2,7,224,395,489,-225,-538,-220,-527,-203,-541,-290,-455
a139,Student,2,7,224,395,489,-225,-538,-220,-527,-203,-541,-290,-455
a140,Student,2,7,33,395,489,-225,-538,-223,-528,-203,-541,-290,-455
a141,Student,2,7,33,395,489,-225,-538,-223,-528,-203,-541,-290,-455
a142,Student,2,7,224,395,489,-225,-538,-220,-527,-203,-541,-290,-455
a143,Student,2,7,33,395,489,-225,-538,-223,-528,-203,-541,-290,-455
a144,Student,2,7,33,395,489,-225,-538,-223,-528,-203,-541,-290,-455
a145,Student,2,7,33,395,489,-225,-538,-223,-528,-203,-541,-290,-455
a146,Student,2,7,223,395,489,-225,-538,-229,-527,-203,-541,-290,-455
a147,Student,2,7,224,395,489,-225,-538,-220,-527,-203,-541,-290,-455
a148,Student,2,7,223,395,489,-225,-538,-229,-527,-203,-541,-290,-455
a149,Student,2,7,224,395,489,-225,-538,-220,-527,-203,-541,-290,-455
a150,Student,2,8,116,871,304,-54,-495,-42,-494,-80,-491,-86,-498
a151,Student,2,8,200,871,304,-54,-495,-55,-498,-80,-491,-86,-498
a152,Student,2,8,116,871,304,-54,-495,-42,-494,-80,-491,-86,-498
a153,Student,2,8,116,871,304,-54,-495,-42,-494,-80,-491,-86,-498
a154,Student,2,8,116,871,304,-54,-495,-42,-494,-80,-491,-86,-498
a155,Student,2,8,116,871,304,-54,-495,-42,-494,-80,-491,-86,-498
a156,Student,2,8,116,871,304,-54,-495,-42,-494,-80,-491,-86,-498
a157,Student,2,8,116,871,304,-54,-495,-42,-494,-80,-491,-86,-498
a158,Student,2,8,200,871,304,-54,-495,-55,-498,-80,-491,-86,-498
a159,Student,2,8,200,871,304,-54,-495,-55,-498,-80,-491,-86,-498
a160,Student,2,8,116,871,304,-54,-495,-42,-494,-80,-491,-86,-498
a161,Student,2,8,116,871,304,-54,-495,-42,-494,-80,-491,-86,-498
a162,Student,2,8,200,871,304,-54,-495,-55,-498,-80,-491,-86,-498
a163,Student,2,8,116,871,304,-54,-495,-42,-494,-80,-491,-86,-498
a164,Student,2,8,200,871,304,-54,-495,-55,-498,-80,-491,-86,-498
a165,Student,2,8,116,871,304,-54,-495,-42,-494,-80,-491,-86,-498
a166,Student,2,9,200,871,304,-44,-498,-55,-498,-80,-491,-86,-498
a167,Student,2,9,116,871,304,-44,-498,-42,-494,-80,-491,-86,-498
a168,Student,2,9,200,871,304,-44,-498,-55,-498,-80,-491,-86,-498
a169,Student,2,9,116,871,304,-44,-498,-42,-494,-80,-491,-86,-498
a170,Student,2,9,200,871,304,-44,-498,-55,-498,-80,-491,-86,-498
a171,Student,2,9,116,871,304,-44,-498,-42,-494,-80,-491,-86,-498
a172,Student,2,9,200,871,304,-44,-498,-55,-498,-80,-491,-86,-498
a173,Student,2,9,200,871,304,-44,-498,-55,-498,-80,-491,-86,-498
a174,Student,2,9,116,871,304,-44,-498,-42,-494,-80,-491,-86,-498
a175,Student,2,9,200,871,304,-44,-498,-55,-498,-80,-491,-86,-498
a176,Student,2,9,200,871,304,-44,-498,-55,-498,-80,-491,-86,-498
a177,Student,2,9,116,871,304,-44,-498,-42,-494,-80,-491,-86,-498
a178,Student,2,9,116,871,304,-44,-498,-42,-494,-80,-491,-86,-498
a179,Student,2,9,200,871,304,-44,-498,-55,-498,-80,-491,-86,-498
a180,Student,2,1911,116,871,304,-53,-501,-42,-494,-80,-491,-86,-498
a181,Student,2,1911,116,871,304,-53,-501,-42,-494,-80,-491,-86,-498
a182,Student,2,1911,200,871,304,-53,-501,-55,-498,-80,-491,-86,-498
a183,Student,2,1911,116,871,304,-53,-501,-42,-494,-80,-491,-86,-498
a184,Student,2,1911,200,871,304,-53,-501,-55,-498,-80,-491,-86,-498
a185,Student,2,1911,200,871,304,-53,-501,-55,-498,-80,-491,-86,-498
a186,Student,2,1911,200,871,304,-53,-501,-55,-498,-80,-491,-86,-498
a187,Student,2,1911,200,871,304,-53,-501,-55,-498,-80,-491,-86,-498
a188,Student,2,1911,116,871,304,-53,-501,-42,-494,-80,-491,-86,-498
a189,Student,2,1911,116,871,304,-53,-501,-42,-494,-80,-491,-86,-498
a190,Student,2,1911,116,871,304,-53,-501,-42,-494,-80,-491,-86,-498
a191,other,5,1808,472,1052,9,-120,-491,301,102,-98,-484,-93,-481
a192,other,1,1200,133,1029,304,-103,-506,-444,-416,-88,-495,-86,-498
a193,other,8,1200,1029,1029,304,-103,-506,-88,-495,-88,-495,-86,-498
a194,other,5,1171,265,1029,304,-98,-503,-351,-430,-88,-495,-86,-498
a195,other,4,1778,649,982,960,-159,-458,28,-276,-118,-414,-121,-408
a196,other,0,1778,118,982,960,-159,-458,-143,-373,-118,-414,-121,-408
a197,other,4,1778,334,982,960,-159,-458,-338,-250,-118,-414,-121,-408
a198,other,5,1778,600,982,960,-159,-458,-348,-443,-118,-414,-121,-408
a199,other,1,1778,139,982,960,-159,-458,-377,-425,-118,-414,-121,-408
a200,other,4,1778,667,982,960,-159,-458,-136,-244,-118,-414,-121,-408
a201,other,5,1778,244,982,960,-159,-458,-86,-473,-118,-414,-121,-408
a202,other,5,1778,272,982,960,-159,-458,-351,-426,-118,-414,-121,-408
a203,other,0,1778,73,982,960,-159,-458,-469,-442,-118,-414,-121,-408
a204,other,6,1778,272,982,960,-159,-458,-351,-426,-118,-414,-121,-408
a205,other,3,1778,463,982,960,-159,-458,-361,-275,-118,-414,-121,-408
a206,other,7,1778,982,982,960,-159,-458,-118,-414,-118,-414,-121,-408
a207,other,2,1778,265,982,960,-159,-458,-351,-430,-118,-414,-121,-408
a208,other,3,1778,334,982,960,-159,-458,-338,-250,-118,-414,-121,-408
a209,other,0,1778,232,982,960,-159,-458,-21,-382,-118,-414,-121,-408
a210,other,4,1778,474,982,960,-159,-458,300,104,-118,-414,-121,-408
a211,other,0,1778,170,982,960,-159,-458,-215,-437,-118,-414,-121,-408
a212,other,7,1778,982,982,960,-159,-458,-118,-414,-118,-414,-121,-408
a213,other,2,1778,365,982,960,-159,-458,-265,-276,-118,-414,-121,-408
a214,other,5,1778,578,982,960,-159,-458,-426,-549,-118,-414,-121,-408
a215,other,6,1778,410,982,960,-159,-458,-175,-343,-118,-414,-121,-408
a216,other,3,1778,578,982,960,-159,-458,-426,-549,-118,-414,-121,-408
a217,other,5,1778,322,982,960,-159,-458,-216,-353,-118,-414,-121,-408
a218,other,3,1778,365,982,960,-159,-458,-265,-276,-118,-414,-121,-408
a219,other,3,1263,684,876,9,-90,-469,-94,-237,-83,-462,-93,-481
a220,other,6,363,410,876,871,-25,-460,-175,-343,-83,-462,-80,-491
a221,other,6,363,643,876,871,-25,-460,34,-273,-83,-462,-80,-491
a222,other,7,360,876,876,871,-26,-458,-83,-462,-83,-462,-80,-491
a223,other,2,360,244,876,871,-26,-458,-86,-473,-83,-462,-80,-491
a224,other,3,360,578,876,871,-26,-458,-426,-549,-83,-462,-80,-491
a225,other,6,937,492,1035,1038,-29,-367,-246,-382,-17,-357,-14,-359
a226,other,4,937,480,1035,1038,-29,-367,264,52,-17,-357,-14,-359
a227,other,2,525,670,1065,871,-6,-474,-122,-248,41,-451,-80,-491
a228,other,1,1214,65,1029,304,-103,-501,-238,-410,-88,-495,-86,-498
a229,other,2,1214,431,1029,304,-103,-501,-168,-308,-88,-495,-86,-498
a230,other,1,1214,35,1029,304,-103,-501,-153,-499,-88,-495,-86,-498
a231,other,4,1214,600,1029,304,-103,-501,-348,-443,-88,-495,-86,-498
a232,other,5,308,492,555,257,-106,-322,-246,-382,-99,-295,-135,-324
a233,other,7,657,438,438,640,-298,-330,-327,-319,-327,-319,-333,-330
a234,other,0,22,118,876,1065,-23,-457,-143,-373,-83,-462,41,-451
a235,other,3,22,480,876,1065,-23,-457,264,52,-83,-462,41,-451
a236,other,5,22,532,876,1065,-23,-457,-525,-185,-83,-462,41,-451
a237,other,1,22,92,876,1065,-23,-457,10,-325,-83,-462,41,-451
a238,other,2,22,331,876,1065,-23,-457,89,-167,-83,-462,41,-451
a239,other,6,22,431,876,1065,-23,-457,-168,-308,-83,-462,41,-451
a240,other,6,22,432,876,1065,-23,-457,-220,-319,-83,-462,41,-451
a241,other,0,22,135,876,1065,-23,-457,-425,-372,-83,-462,41,-451
a242,other,1,22,137,876,1065,-23,-457,-425,-371,-83,-462,41,-451
a243,other,0,22,65,876,1065,-23,-457,-238,-410,-83,-462,41,-451
a244,other,8,22,876,876,1065,-23,-457,-83,-462,-83,-462,41,-451
a245,other,3,22,273,876,1065,-23,-457,-351,-428,-83,-462,41,-451
a246,other,0,22,139,876,1065,-23,-457,-377,-425,-83,-462,41,-451
a247,other,2,22,386,876,1065,-23,-457,-186,-341,-83,-462,41,-451
a248,other,3,22,244,876,1065,-23,-457,-86,-473,-83,-462,41,-451
a249,other,4,22,309,876,1065,-23,-457,-488,-52,-83,-462,41,-451
a250,other,2,22,244,876,1065,-23,-457,-86,-473,-83,-462,41,-451
a251,other,3,22,432,876,1065,-23,-457,-220,-319,-83,-462,41,-451
a252,other,1,22,170,876,1065,-23,-457,-215,-437,-83,-462,41,-451
a253,other,3,22,270,876,1065,-23,-457,-354,-424,-83,-462,41,-451
a254,other,6,22,356,876,1065,-23,-457,-365,82,-83,-462,41,-451
a255,other,0,22,65,876,1065,-23,-457,-238,-410,-83,-462,41,-451
a256,other,0,22,88,876,1065,-23,-457,-208,-296,-83,-462,41,-451
a257,other,3,22,600,876,1065,-23,-457,-348,-443,-83,-462,41,-451
a258,other,3,22,724,876,1065,-23,-457,-174,-515,-83,-462,41,-451
a259,other,2,878,273,92,90,-312,-438,-351,-428,-306,-458,-301,-458
a260,other,4,928,608,1035,1038,-28,-369,-360,-425,-17,-357,-14,-359
a261,other,1,639,170,705,577,-253,-337,-215,-437,-266,-359,-211,-342
a262,other,3,639,466,705,577,-253,-337,417,71,-266,-359,-211,-342
a263,other,1,639,170,705,577,-253,-337,-215,-437,-266,-359,-211,-342
a264,other,3,639,608,705,577,-253,-337,-360,-425,-266,-359,-211,-342
a265,other,2,639,472,705,577,-253,-337,301,102,-266,-359,-211,-342
a266,other,1,639,170,705,577,-253,-337,-215,-437,-266,-359,-211,-342
a267,other,5,639,384,705,577,-253,-337,-180,-328,-266,-359,-211,-342
a268,other,8,639,705,705,577,-253,-337,-266,-359,-266,-359,-211,-342
a269,other,7,639,705,705,577,-253,-337,-266,-359,-266,-359,-211,-342
a270,other,0,639,133,705,577,-253,-337,-444,-416,-266,-359,-211,-342
a271,other,6,639,532,705,577,-253,-337,-525,-185,-266,-359,-211,-342
a272,other,1,639,35,705,577,-253,-337,-153,-499,-266,-359,-211,-342
a273,other,1,639,65,705,577,-253,-337,-238,-410,-266,-359,-211,-342
a274,other,6,639,670,705,577,-253,-337,-122,-248,-266,-359,-211,-342
a275,other,4,639,489,705,577,-253,-337,-245,-383,-266,-359,-211,-342
a276,other,6,639,244,705,577,-253,-337,-86,-473,-266,-359,-211,-342
a277,other,4,639,432,705,577,-253,-337,-220,-319,-266,-359,-211,-342
a278,other,4,639,450,705,577,-253,-337,-191,-345,-266,-359,-211,-342
a279,other,0,639,65,705,577,-253,-337,-238,-410,-266,-359,-211,-342
a280,other,6,639,331,705,577,-253,-337,89,-167,-266,-359,-211,-342
a281,other,3,639,385,705,577,-253,-337,-212,-307,-266,-359,-211,-342
a282,other,4,639,334,705,577,-253,-337,-338,-250,-266,-359,-211,-342
a283,other,2,639,492,705,577,-253,-337,-246,-382,-266,-359,-211,-342
a284,other,2,687,309,368,948,-89,-361,-488,-52,-98,-382,-120,-383
a285,other,3,687,463,368,948,-89,-361,-361,-275,-98,-382,-120,-383
a286,other,5,687,578,368,948,-89,-361,-426,-549,-98,-382,-120,-383
a287,other,3,687,331,368,948,-89,-361,89,-167,-98,-382,-120,-383
a288,other,7,687,368,368,948,-89,-361,-98,-382,-98,-382,-120,-383
a289,other,5,687,480,368,948,-89,-361,264,52,-98,-382,-120,-383
a290,other,5,687,670,368,948,-89,-361,-122,-248,-98,-382,-120,-383
a291,other,3,687,532,368,948,-89,-361,-525,-185,-98,-382,-120,-383
a292,other,5,687,358,368,948,-89,-361,-266,-276,-98,-382,-120,-383
a293,other,5,687,649,368,948,-89,-361,28,-276,-98,-382,-120,-383
a294,other,3,687,509,368,948,-89,-361,-437,-133,-98,-382,-120,-383
a295,other,2,687,244,368,948,-89,-361,-86,-473,-98,-382,-120,-383
a296,other,5,687,244,368,948,-89,-361,-86,-473,-98,-382,-120,-383
a297,other,8,687,368,368,948,-89,-361,-98,-382,-98,-382,-120,-383
a298,other,7,687,368,368,948,-89,-361,-98,-382,-98,-382,-120,-383
a299,other,3,687,273,368,948,-89,-361,-351,-428,-98,-382,-120,-383
a300,other,7,687,368,368,948,-89,-361,-98,-382,-98,-382,-120,-383
a301,other,7,687,368,368,948,-89,-361,-98,-382,-98,-382,-120,-383
a302,other,7,687,368,368,948,-89,-361,-98,-382,-98,-382,-120,-383
a303,other,6,687,578,368,948,-89,-361,-426,-549,-98,-382,-120,-383
a304,other,3,687,272,368,948,-89,-361,-351,-426,-98,-382,-120,-383
a305,other,2,687,384,368,948,-89,-361,-180,-328,-98,-382,-120,-383
a306,other,7,687,368,368,948,-89,-361,-98,-382,-98,-382,-120,-383
a307,other,2,608,608,1052,9,-134,-459,-360,-425,-98,-484,-93,-481
a308,other,0,1099,135,30,960,-201,-443,-425,-372,-210,-411,-121,-408
a309,other,0,1099,92,30,960,-201,-443,10,-325,-210,-411,-121,-408
a310,other,1,1099,73,30,960,-201,-443,-469,-442,-210,-411,-121,-408
a311,other,3,1099,472,30,960,-201,-443,301,102,-210,-411,-121,-408
a312,other,2,1099,486,30,960,-201,-443,258,56,-210,-411,-121,-408
a313,other,2,1099,273,30,960,-201,-443,-351,-428,-210,-411,-121,-408
a314,other,4,1099,393,30,960,-201,-443,-177,-312,-210,-411,-121,-408
a315,other,6,1099,670,30,960,-201,-443,-122,-248,-210,-411,-121,-408
a316,other,2,1099,463,30,960,-201,-443,-361,-275,-210,-411,-121,-408
a317,other,3,1099,649,30,960,-201,-443,28,-276,-210,-411,-121,-408
a318,other,2,1099,608,30,960,-201,-443,-360,-425,-210,-411,-121,-408
a319,other,6,1099,574,30,960,-201,-443,-415,-541,-210,-411,-121,-408
a320,other,2,1099,578,30,960,-201,-443,-426,-549,-210,-411,-121,-408
a321,other,0,1099,65,30,960,-201,-443,-238,-410,-210,-411,-121,-408
a322,other,1,1099,35,30,960,-201,-443,-153,-499,-210,-411,-121,-408
a323,other,7,1099,30,30,960,-201,-443,-210,-411,-210,-411,-121,-408
a324,other,8,1099,30,30,960,-201,-443,-210,-411,-210,-411,-121,-408
a325,other,2,1099,600,30,960,-201,-443,-348,-443,-210,-411,-121,-408
a326,other,3,1099,472,30,960,-201,-443,301,102,-210,-411,-121,-408
a327,other,6,1099,309,30,960,-201,-443,-488,-52,-210,-411,-121,-408
a328,other,6,1099,265,30,960,-201,-443,-351,-430,-210,-411,-121,-408
a329,other,2,1099,489,30,960,-201,-443,-245,-383,-210,-411,-121,-408
a330,other,2,1831,272,395,1052,-188,-523,-351,-426,-203,-541,-98,-484
a331,other,7,1831,395,395,1052,-188,-523,-203,-541,-203,-541,-98,-484
a332,other,0,1831,92,395,1052,-188,-523,10,-325,-203,-541,-98,-484
a333,other,2,1831,432,395,1052,-188,-523,-220,-319,-203,-541,-98,-484
a334,other,8,1831,395,395,1052,-188,-523,-203,-541,-203,-541,-98,-484
a335,other,0,1831,232,395,1052,-188,-523,-21,-382,-203,-541,-98,-484
a336,other,1,1831,135,395,1052,-188,-523,-425,-372,-203,-541,-98,-484
a337,other,6,1831,270,395,1052,-188,-523,-354,-424,-203,-541,-98,-484
a338,other,3,1831,532,395,1052,-188,-523,-525,-185,-203,-541,-98,-484
a339,other,2,1831,724,395,1052,-188,-523,-174,-515,-203,-541,-98,-484
a340,other,5,1896,613,1035,1038,22,-262,-296,-563,-17,-357,-14,-359
a341,other,2,1896,410,1035,1038,22,-262,-175,-343,-17,-357,-14,-359
a342,other,6,1896,270,1035,1038,22,-262,-354,-424,-17,-357,-14,-359
a343,other,4,1839,393,395,1052,-190,-519,-177,-312,-203,-541,-98,-484
a344,other,4,1839,385,395,1052,-190,-519,-212,-307,-203,-541,-98,-484
a345,other,3,1839,375,395,1052,-190,-519,-227,-312,-203,-541,-98,-484
a346,other,4,1839,685,395,1052,-190,-519,-84,-234,-203,-541,-98,-484
a347,other,6,1839,486,395,1052,-190,-519,258,56,-203,-541,-98,-484
a348,other,8,1839,395,395,1052,-190,-519,-203,-541,-203,-541,-98,-484
a349,other,5,1839,375,395,1052,-190,-519,-227,-312,-203,-541,-98,-484
a350,other,2,1839,608,395,1052,-190,-519,-360,-425,-203,-541,-98,-484
a351,other,5,1839,385,395,1052,-190,-519,-212,-307,-203,-541,-98,-484
a352,other,7,1839,395,395,1052,-190,-519,-203,-541,-203,-541,-98,-484
a353,other,0,1308,73,9,1052,-103,-469,-469,-442,-93,-481,-98,-484
a354,other,3,1165,309,304,1029,-97,-507,-488,-52,-86,-498,-88,-495
a355,other,0,138,65,2,191,-388,-395,-238,-410,-406,-390,-357,-403
a356,other,2,138,471,2,191,-388,-395,302,104,-406,-390,-357,-403
a357,other,5,46,492,30,577,-214,-415,-246,-382,-210,-411,-211,-342
a358,other,6,46,393,30,577,-214,-415,-177,-312,-210,-411,-211,-342
a359,other,5,46,574,30,577,-214,-415,-415,-541,-210,-411,-211,-342
a360,other,1,46,135,30,577,-214,-415,-425,-372,-210,-411,-211,-342
a361,other,6,46,532,30,577,-214,-415,-525,-185,-210,-411,-211,-342
a362,other,6,46,272,30,577,-214,-415,-351,-426,-210,-411,-211,-342
a363,other,3,46,578,30,577,-214,-415,-426,-549,-210,-411,-211,-342
a364,other,0,46,137,30,577,-214,-415,-425,-371,-210,-411,-211,-342
a365,other,1,46,118,30,577,-214,-415,-143,-373,-210,-411,-211,-342
a366,other,7,46,30,30,577,-214,-415,-210,-411,-210,-411,-211,-342
a367,other,4,46,492,30,577,-214,-415,-246,-382,-210,-411,-211,-342
a368,other,2,46,643,30,577,-214,-415,34,-273,-210,-411,-211,-342
a369,other,4,46,386,30,577,-214,-415,-186,-341,-210,-411,-211,-342
a370,other,2,46,496,30,577,-214,-415,353,-67,-210,-411,-211,-342
a371,other,3,46,509,30,577,-214,-415,-437,-133,-210,-411,-211,-342
a372,other,7,46,30,30,577,-214,-415,-210,-411,-210,-411,-211,-342
a373,other,4,46,486,30,577,-214,-415,258,56,-210,-411,-211,-342
a374,other,3,46,574,30,577,-214,-415,-415,-541,-210,-411,-211,-342
a375,other,4,46,480,30,577,-214,-415,264,52,-210,-411,-211,-342
a376,other,8,46,30,30,577,-214,-415,-210,-411,-210,-411,-211,-342
a377,other,0,46,118,30,577,-214,-415,-143,-373,-210,-411,-211,-342
a378,other,5,46,270,30,577,-214,-415,-354,-424,-210,-411,-211,-342
a379,other,4,257,670,9,25,-90,-478,-122,-248,-93,-481,-89,-484
a380,other,5,257,532,9,25,-90,-478,-525,-185,-93,-481,-89,-484
a381,other,0,1581,135,1052,9,-129,-464,-425,-372,-98,-484,-93,-481
a382,other,3,1581,685,1052,9,-129,-464,-84,-234,-98,-484,-93,-481
a383,other,5,1581,669,1052,9,-129,-464,-84,-239,-98,-484,-93,-481
a384,other,7,1581,1052,1052,9,-129,-464,-98,-484,-98,-484,-93,-481
a385,other,3,1581,667,1052,9,-129,-464,-136,-244,-98,-484,-93,-481
a386,other,7,1581,1052,1052,9,-129,-464,-98,-484,-98,-484,-93,-481
a387,other,1,1581,137,1052,9,-129,-464,-425,-371,-98,-484,-93,-481
a388,other,7,1581,1052,1052,9,-129,-464,-98,-484,-98,-484,-93,-481
a389,other,8,1581,1052,1052,9,-129,-464,-98,-484,-98,-484,-93,-481
a390,other,3,1581,322,1052,9,-129,-464,-216,-353,-98,-484,-93,-481
a391,other,3,1581,608,1052,9,-129,-464,-360,-425,-98,-484,-93,-481
a392,other,3,1581,334,1052,9,-129,-464,-338,-250,-98,-484,-93,-481
a393,other,8,1581,1052,1052,9,-129,-464,-98,-484,-98,-484,-93,-481
a394,other,5,1581,356,1052,9,-129,-464,-365,82,-98,-484,-93,-481
a395,other,3,1581,450,1052,9,-129,-464,-191,-345,-98,-484,-93,-481
a396,other,4,1581,471,1052,9,-129,-464,302,104,-98,-484,-93,-481
a397,other,7,1581,1052,1052,9,-129,-464,-98,-484,-98,-484,-93,-481
a398,other,6,1581,486,1052,9,-129,-464,258,56,-98,-484,-93,-481
a399,other,6,1581,265,1052,9,-129,-464,-351,-430,-98,-484,-93,-481
a400,other,2,1581,375,1052,9,-129,-464,-227,-312,-98,-484,-93,-481
a401,other,6,1581,272,1052,9,-129,-464,-351,-426,-98,-484,-93,-481
a402,other,6,1581,667,1052,9,-129,-464,-136,-244,-98,-484,-93,-481
a403,other,5,1581,472,1052,9,-129,-464,301,102,-98,-484,-93,-481
a404,other,2,1290,685,876,9,-93,-463,-84,-234,-83,-462,-93,-481
a405,other,5,1290,486,876,9,-93,-463,258,56,-83,-462,-93,-481
a406,other,1,1290,35,876,9,-93,-463,-153,-499,-83,-462,-93,-481
a407,other,6,1290,272,876,9,-93,-463,-351,-426,-83,-462,-93,-481
a408,other,2,1586,386,1052,9,-132,-491,-186,-341,-98,-484,-93,-481
a409,other,4,1586,471,1052,9,-132,-491,302,104,-98,-484,-93,-481
a410,other,2,1586,334,1052,9,-132,-491,-338,-250,-98,-484,-93,-481
a411,other,3,1586,600,1052,9,-132,-491,-348,-443,-98,-484,-93,-481
a412,other,2,1586,273,1052,9,-132,-491,-351,-428,-98,-484,-93,-481
a413,other,6,1074,492,1052,1029,-109,-501,-246,-382,-98,-484,-88,-495
a414,other,5,1074,446,1052,1029,-109,-501,-167,-313,-98,-484,-88,-495
a415,other,1,27,133,1065,876,-17,-457,-444,-416,41,-451,-83,-462
a416,other,1,27,118,1065,876,-17,-457,-143,-373,41,-451,-83,-462
a417,other,3,27,667,1065,876,-17,-457,-136,-244,41,-451,-83,-462
a418,other,3,27,613,1065,876,-17,-457,-296,-563,41,-451,-83,-462
a419,other,5,27,356,1065,876,-17,-457,-365,82,41,-451,-83,-462
a420,other,6,27,574,1065,876,-17,-457,-415,-541,41,-451,-83,-462
a421,other,7,27,1065,1065,876,-17,-457,41,-451,41,-451,-83,-462
a422,other,5,27,480,1065,876,-17,-457,264,52,41,-451,-83,-462
a423,other,7,27,1065,1065,876,-17,-457,41,-451,41,-451,-83,-462
a424,other,6,27,410,1065,876,-17,-457,-175,-343,41,-451,-83,-462
a425,other,5,27,463,1065,876,-17,-457,-361,-275,41,-451,-83,-462
a426,other,3,27,334,1065,876,-17,-457,-338,-250,41,-451,-83,-462
a427,other,1,27,35,1065,876,-17,-457,-153,-499,41,-451,-83,-462
a428,other,0,27,88,1065,876,-17,-457,-208,-296,41,-451,-83,-462
a429,other,6,27,480,1065,876,-17,-457,264,52,41,-451,-83,-462
a430,other,8,27,1065,1065,876,-17,-457,41,-451,41,-451,-83,-462
a431,other,1,27,132,1065,876,-17,-457,-443,-415,41,-451,-83,-462
a432,other,2,27,724,1065,876,-17,-457,-174,-515,41,-451,-83,-462
a433,other,3,27,432,1065,876,-17,-457,-220,-319,41,-451,-83,-462
a434,other,6,27,480,1065,876,-17,-457,264,52,41,-451,-83,-462
a435,other,5,27,265,1065,876,-17,-457,-351,-430,41,-451,-83,-462
a436,other,5,27,471,1065,876,-17,-457,302,104,41,-451,-83,-462
a437,other,2,27,600,1065,876,-17,-457,-348,-443,41,-451,-83,-462
a438,other,4,1323,356,876,9,-97,-466,-365,82,-83,-462,-93,-481
a439,other,5,1323,463,876,9,-97,-466,-361,-275,-83,-462,-93,-481
a440,other,2,1323,446,876,9,-97,-466,-167,-313,-83,-462,-93,-481
a441,other,4,511,578,1065,871,-10,-479,-426,-549,41,-451,-80,-491
a442,other,4,1782,608,982,960,-156,-460,-360,-425,-118,-414,-121,-408
a443,other,1,1782,232,982,960,-156,-460,-21,-382,-118,-414,-121,-408
a444,other,5,1355,480,9,1052,-103,-469,264,52,-93,-481,-98,-484
a445,other,2,1355,450,9,1052,-103,-469,-191,-345,-93,-481,-98,-484
a446,other,4,620,358,555,257,-93,-293,-266,-276,-99,-295,-135,-324
a447,other,3,620,432,555,257,-93,-293,-220,-319,-99,-295,-135,-324
a448,other,3,1885,450,1052,9,-99,-480,-191,-345,-98,-484,-93,-481
a449,other,7,1885,1052,1052,9,-99,-480,-98,-484,-98,-484,-93,-481
a450,other,3,1805,649,1052,9,-105,-478,28,-276,-98,-484,-93,-481
a451,other,5,1805,385,1052,9,-105,-478,-212,-307,-98,-484,-93,-481
a452,other,2,1805,385,1052,9,-105,-478,-212,-307,-98,-484,-93,-481
a453,other,8,1805,1052,1052,9,-105,-478,-98,-484,-98,-484,-93,-481
a454,other,1,1805,133,1052,9,-105,-478,-444,-416,-98,-484,-93,-481
a455,other,3,1805,613,1052,9,-105,-478,-296,-563,-98,-484,-93,-481
a456,other,2,1805,649,1052,9,-105,-478,28,-276,-98,-484,-93,-481
a457,other,1,1805,35,1052,9,-105,-478,-153,-499,-98,-484,-93,-481
a458,other,1,1805,88,1052,9,-105,-478,-208,-296,-98,-484,-93,-481
a459,other,0,1805,133,1052,9,-105,-478,-444,-416,-98,-484,-93,-481
a460,other,3,1805,471,1052,9,-105,-478,302,104,-98,-484,-93,-481
a461,other,2,1805,432,1052,9,-105,-478,-220,-319,-98,-484,-93,-481
a462,other,0,1805,133,1052,9,-105,-478,-444,-416,-98,-484,-93,-481
a463,other,8,1805,1052,1052,9,-105,-478,-98,-484,-98,-484,-93,-481
a464,other,5,1805,358,1052,9,-105,-478,-266,-276,-98,-484,-93,-481
a465,other,7,1805,1052,1052,9,-105,-478,-98,-484,-98,-484,-93,-481
a466,other,6,1805,272,1052,9,-105,-478,-351,-426,-98,-484,-93,-481
a467,other,2,1805,643,1052,9,-105,-478,34,-273,-98,-484,-93,-481
a468,other,8,1805,1052,1052,9,-105,-478,-98,-484,-98,-484,-93,-481
a469,other,4,1805,684,1052,9,-105,-478,-94,-237,-98,-484,-93,-481
a470,other,2,1805,480,1052,9,-105,-478,264,52,-98,-484,-93,-481
a471,other,2,1805,474,1052,9,-105,-478,300,104,-98,-484,-93,-481
a472,other,5,1805,309,1052,9,-105,-478,-488,-52,-98,-484,-93,-481
a473,other,7,1148,304,304,1029,-102,-516,-86,-498,-86,-498,-88,-495
a474,other,1,1624,132,982,960,-158,-446,-443,-415,-118,-414,-121,-408
a475,other,7,1624,982,982,960,-158,-446,-118,-414,-118,-414,-121,-408
a476,other,2,1624,463,982,960,-158,-446,-361,-275,-118,-414,-121,-408
a477,other,4,1624,431,982,960,-158,-446,-168,-308,-118,-414,-121,-408
a478,other,4,1624,446,982,960,-158,-446,-167,-313,-118,-414,-121,-408
a479,other,5,1624,489,982,960,-158,-446,-245,-383,-118,-414,-121,-408
a480,other,0,1624,170,982,960,-158,-446,-215,-437,-118,-414,-121,-408
a481,other,7,1624,982,982,960,-158,-446,-118,-414,-118,-414,-121,-408
a482,other,3,1624,322,982,960,-158,-446,-216,-353,-118,-414,-121,-408
a483,other,1,1624,73,982,960,-158,-446,-469,-442,-118,-414,-121,-408
a484,other,2,1624,667,982,960,-158,-446,-136,-244,-118,-414,-121,-408
a485,other,1,1624,133,982,960,-158,-446,-444,-416,-118,-414,-121,-408
a486,other,1,1624,88,982,960,-158,-446,-208,-296,-118,-414,-121,-408
a487,other,2,1624,375,982,960,-158,-446,-227,-312,-118,-414,-121,-408
a488,other,3,1624,489,982,960,-158,-446,-245,-383,-118,-414,-121,-408
a489,other,4,1624,509,982,960,-158,-446,-437,-133,-118,-414,-121,-408
a490,other,7,1624,982,982,960,-158,-446,-118,-414,-118,-414,-121,-408
a491,other,6,1624,649,982,960,-158,-446,28,-276,-118,-414,-121,-408
a492,other,6,1624,724,982,960,-158,-446,-174,-515,-118,-414,-121,-408
a493,other,2,1624,322,982,960,-158,-446,-216,-353,-118,-414,-121,-408
a494,other,4,1624,724,982,960,-158,-446,-174,-515,-118,-414,-121,-408
a495,other,5,1624,466,982,960,-158,-446,417,71,-118,-414,-121,-408
a496,other,4,1624,431,982,960,-158,-446,-168,-308,-118,-414,-121,-408
a497,other,2,1624,334,982,960,-158,-446,-338,-250,-118,-414,-121,-408
a498,other,1,195,35,2,452,-396,-407,-153,-499,-406,-390,-357,-409
a499,other,6,195,489,2,452,-396,-407,-245,-383,-406,-390,-357,-409
a500,other,4,195,486,2,452,-396,-407,258,56,-406,-390,-357,-409
a501,other,7,195,2,2,452,-396,-407,-406,-390,-406,-390,-357,-409
a502,other,1,1641,73,1052,9,-134,-462,-469,-442,-98,-484,-93,-481
a503,other,2,1641,578,1052,9,-134,-462,-426,-549,-98,-484,-93,-481
a504,other,1,1641,132,1052,9,-134,-462,-443,-415,-98,-484,-93,-481
a505,other,3,1641,365,1052,9,-134,-462,-265,-276,-98,-484,-93,-481
a506,other,2,800,669,770,71,-401,-468,-84,-239,-373,-441,-365,-432
a507,other,6,800,384,770,71,-401,-468,-180,-328,-373,-441,-365,-432
a508,other,6,800,334,770,71,-401,-468,-338,-250,-373,-441,-365,-432
a509,other,7,800,770,770,71,-401,-468,-373,-441,-373,-441,-365,-432
a510,other,3,800,472,770,71,-401,-468,301,102,-373,-441,-365,-432
a511,other,5,942,431,146,1035,-35,-381,-168,-308,-29,-389,-17,-357
a512,other,7,942,146,146,1035,-35,-381,-29,-389,-29,-389,-17,-357
a513,other,0,942,35,146,1035,-35,-381,-153,-499,-29,-389,-17,-357
a514,other,6,942,375,146,1035,-35,-381,-227,-312,-29,-389,-17,-357
a515,other,0,942,135,146,1035,-35,-381,-425,-372,-29,-389,-17,-357
a516,other,0,1317,132,876,9,-96,-466,-443,-415,-83,-462,-93,-481
a517,other,3,536,432,1065,871,-13,-479,-220,-319,41,-451,-80,-491
a518,other,0,536,65,1065,871,-13,-479,-238,-410,41,-451,-80,-491
a519,other,7,536,1065,1065,871,-13,-479,41,-451,41,-451,-80,-491
a520,other,0,536,35,1065,871,-13,-479,-153,-499,41,-451,-80,-491
a521,other,7,1569,116,116,920,-139,-377,-130,-378,-130,-378,-126,-371
a522,other,2,1569,432,116,920,-139,-377,-220,-319,-130,-378,-126,-371
a523,other,2,1569,685,116,920,-139,-377,-84,-234,-130,-378,-126,-371
a524,other,4,1569,446,116,920,-139,-377,-167,-313,-130,-378,-126,-371
a525,other,4,1569,608,116,920,-139,-377,-360,-425,-130,-378,-126,-371
a526,other,8,1569,116,116,920,-139,-377,-130,-378,-130,-378,-126,-371
a527,other,2,1569,474,116,920,-139,-377,300,104,-130,-378,-126,-371
a528,other,2,1569,384,116,920,-139,-377,-180,-328,-130,-378,-126,-371
a529,other,4,1569,450,116,920,-139,-377,-191,-345,-130,-378,-126,-371
a530,other,7,1569,116,116,920,-139,-377,-130,-378,-130,-378,-126,-371
a531,other,3,1569,496,116,920,-139,-377,353,-67,-130,-378,-126,-371
a532,other,3,1569,480,116,920,-139,-377,264,52,-130,-378,-126,-371
a533,other,8,1569,116,116,920,-139,-377,-130,-378,-130,-378,-126,-371
a534,other,7,1569,116,116,920,-139,-377,-130,-378,-130,-378,-126,-371
a535,other,7,1569,116,116,920,-139,-377,-130,-378,-130,-378,-126,-371
a536,other,4,1569,322,116,920,-139,-377,-216,-353,-130,-378,-126,-371
a537,other,8,1569,116,116,920,-139,-377,-130,-378,-130,-378,-126,-371
a538,other,6,1569,273,116,920,-139,-377,-351,-428,-130,-378,-126,-371
a539,other,5,1569,375,116,920,-139,-377,-227,-312,-130,-378,-126,-371
a540,other,7,1569,116,116,920,-139,-377,-130,-378,-130,-378,-126,-371
a541,other,5,1569,608,116,920,-139,-377,-360,-425,-130,-378,-126,-371
a542,other,5,1569,431,116,920,-139,-377,-168,-308,-130,-378,-126,-371
a543,other,5,281,600,30,982,-170,-449,-348,-443,-210,-411,-118,-414
a544,other,4,281,471,30,982,-170,-449,302,104,-210,-411,-118,-414
a545,other,1,281,139,30,982,-170,-449,-377,-425,-210,-411,-118,-414
a546,other,7,281,30,30,982,-170,-449,-210,-411,-210,-411,-118,-414
a547,other,3,281,273,30,982,-170,-449,-351,-428,-210,-411,-118,-414
a548,other,2,281,724,30,982,-170,-449,-174,-515,-210,-411,-118,-414
a549,other,6,281,463,30,982,-170,-449,-361,-275,-210,-411,-118,-414
a550,other,1,281,132,30,982,-170,-449,-443,-415,-210,-411,-118,-414
a551,other,3,281,463,30,982,-170,-449,-361,-275,-210,-411,-118,-414
a552,other,8,281,30,30,982,-170,-449,-210,-411,-210,-411,-118,-414
a553,other,7,281,30,30,982,-170,-449,-210,-411,-210,-411,-118,-414
a554,other,5,281,643,30,982,-170,-449,34,-273,-210,-411,-118,-414
a555,other,3,281,356,30,982,-170,-449,-365,82,-210,-411,-118,-414
a556,other,5,281,466,30,982,-170,-449,417,71,-210,-411,-118,-414
a557,other,2,281,273,30,982,-170,-449,-351,-428,-210,-411,-118,-414
a558,other,3,281,431,30,982,-170,-449,-168,-308,-210,-411,-118,-414
a559,other,3,281,578,30,982,-170,-449,-426,-549,-210,-411,-118,-414
a560,other,6,281,386,30,982,-170,-449,-186,-341,-210,-411,-118,-414
a561,other,7,281,30,30,982,-170,-449,-210,-411,-210,-411,-118,-414
a562,other,2,281,384,30,982,-170,-449,-180,-328,-210,-411,-118,-414
a563,other,6,281,667,30,982,-170,-449,-136,-244,-210,-411,-118,-414
a564,other,3,281,272,30,982,-170,-449,-351,-426,-210,-411,-118,-414
a565,other,6,281,410,30,982,-170,-449,-175,-343,-210,-411,-118,-414
a566,other,8,281,30,30,982,-170,-449,-210,-411,-210,-411,-118,-414
a567,other,3,281,384,30,982,-170,-449,-180,-328,-210,-411,-118,-414
a568,other,4,1141,608,304,1029,-100,-516,-360,-425,-86,-498,-88,-495
a569,other,5,520,375,1065,871,-8,-470,-227,-312,41,-451,-80,-491
a570,other,6,520,670,1065,871,-8,-470,-122,-248,41,-451,-80,-491
a571,other,0,1193,132,1029,304,-99,-503,-443,-415,-88,-495,-86,-498
a572,other,6,1193,471,1029,304,-99,-503,302,104,-88,-495,-86,-498
a573,other,3,1193,684,1029,304,-99,-503,-94,-237,-88,-495,-86,-498
a574,other,1,233,232,1052,9,-125,-458,-21,-382,-98,-484,-93,-481
a575,other,1,1226,133,25,9,-89,-480,-444,-416,-89,-484,-93,-481
a576,other,6,1226,480,25,9,-89,-480,264,52,-89,-484,-93,-481
a577,other,4,1252,669,9,25,-91,-476,-84,-239,-93,-481,-89,-484
a578,other,8,1231,1029,1029,304,-95,-498,-88,-495,-88,-495,-86,-498
a579,other,5,489,623,368,948,-83,-357,-309,-555,-98,-382,-120,-383
a580,other,8,979,1035,1035,1038,22,-266,-17,-357,-17,-357,-14,-359
a581,other,2,979,486,1035,1038,22,-266,258,56,-17,-357,-14,-359
a582,other,1,979,135,1035,1038,22,-266,-425,-372,-17,-357,-14,-359
a583,other,1,979,232,1035,1038,22,-266,-21,-382,-17,-357,-14,-359
a584,other,0,979,92,1035,1038,22,-266,10,-325,-17,-357,-14,-359
a585,other,6,224,684,1052,9,-128,-458,-94,-237,-98,-484,-93,-481
a586,other,5,224,322,1052,9,-128,-458,-216,-353,-98,-484,-93,-481
a587,other,2,1113,532,304,1029,-101,-519,-525,-185,-86,-498,-88,-495
a588,other,2,1361,667,876,9,-100,-460,-136,-244,-83,-462,-93,-481
a589,other,4,1361,384,876,9,-100,-460,-180,-328,-83,-462,-93,-481
a590,other,4,867,450,92,90,-309,-433,-191,-345,-306,-458,-301,-458
a591,other,1,867,88,92,90,-309,-433,-208,-296,-306,-458,-301,-458
a592,other,2,867,496,92,90,-309,-433,353,-67,-306,-458,-301,-458
a593,other,3,867,532,92,90,-309,-433,-525,-185,-306,-458,-301,-458
a594,other,7,812,770,770,71,-401,-465,-373,-441,-373,-441,-365,-432
a595,other,1,812,65,770,71,-401,-465,-238,-410,-373,-441,-365,-432
a596,other,6,812,432,770,71,-401,-465,-220,-319,-373,-441,-365,-432
a597,other,0,812,133,770,71,-401,-465,-444,-416,-373,-441,-365,-432
a598,other,5,1126,334,304,1029,-92,-502,-338,-250,-86,-498,-88,-495
a599,other,3,1126,492,304,1029,-92,-502,-246,-382,-86,-498,-88,-495
a600,other,4,150,608,2,191,-409,-395,-360,-425,-406,-390,-357,-403
a601,other,6,150,386,2,191,-409,-395,-186,-341,-406,-390,-357,-403
a602,other,1,681,35,368,948,-87,-359,-153,-499,-98,-382,-120,-383
a603,other,6,681,532,368,948,-87,-359,-525,-185,-98,-382,-120,-383
a604,other,7,681,368,368,948,-87,-359,-98,-382,-98,-382,-120,-383
a605,other,6,681,574,368,948,-87,-359,-415,-541,-98,-382,-120,-383
a606,other,1,681,132,368,948,-87,-359,-443,-415,-98,-382,-120,-383
a607,other,0,681,232,368,948,-87,-359,-21,-382,-98,-382,-120,-383
a608,other,3,681,474,368,948,-87,-359,300,104,-98,-382,-120,-383
a609,other,6,681,600,368,948,-87,-359,-348,-443,-98,-382,-120,-383
a610,other,3,681,356,368,948,-87,-359,-365,82,-98,-382,-120,-383
a611,other,1,681,137,368,948,-87,-359,-425,-371,-98,-382,-120,-383
a612,other,5,681,386,368,948,-87,-359,-186,-341,-98,-382,-120,-383
a613,other,7,681,368,368,948,-87,-359,-98,-382,-98,-382,-120,-383
a614,other,4,681,446,368,948,-87,-359,-167,-313,-98,-382,-120,-383
a615,other,6,681,643,368,948,-87,-359,34,-273,-98,-382,-120,-383
a616,other,2,681,466,368,948,-87,-359,417,71,-98,-382,-120,-383
a617,other,1,681,65,368,948,-87,-359,-238,-410,-98,-382,-120,-383
a618,other,6,681,272,368,948,-87,-359,-351,-426,-98,-382,-120,-383
a619,other,8,681,368,368,948,-87,-359,-98,-382,-98,-382,-120,-383
a620,other,2,681,667,368,948,-87,-359,-136,-244,-98,-382,-120,-383
a621,other,8,681,368,368,948,-87,-359,-98,-382,-98,-382,-120,-383
a622,other,5,681,509,368,948,-87,-359,-437,-133,-98,-382,-120,-383
a623,other,7,681,368,368,948,-87,-359,-98,-382,-98,-382,-120,-383
a624,other,7,681,368,368,948,-87,-359,-98,-382,-98,-382,-120,-383
a625,other,6,1182,471,1029,304,-97,-500,302,104,-88,-495,-86,-498
a626,other,5,1829,432,1052,9,-106,-490,-220,-319,-98,-484,-93,-481
a627,other,7,1829,1052,1052,9,-106,-490,-98,-484,-98,-484,-93,-481
a628,other,3,1829,309,1052,9,-106,-490,-488,-52,-98,-484,-93,-481
a629,other,0,1829,132,1052,9,-106,-490,-443,-415,-98,-484,-93,-481
a630,other,3,1829,356,1052,9,-106,-490,-365,82,-98,-484,-93,-481
a631,other,3,1829,710,1052,9,-106,-490,-90,-435,-98,-484,-93,-481
a632,other,7,1829,1052,1052,9,-106,-490,-98,-484,-98,-484,-93,-481
a633,other,2,1829,492,1052,9,-106,-490,-246,-382,-98,-484,-93,-481
a634,other,1,1829,133,1052,9,-106,-490,-444,-416,-98,-484,-93,-481
a635,other,6,1829,383,1052,9,-106,-490,-212,-305,-98,-484,-93,-481
a636,other,5,1829,466,1052,9,-106,-490,417,71,-98,-484,-93,-481
a637,other,7,1829,1052,1052,9,-106,-490,-98,-484,-98,-484,-93,-481
a638,other,2,1829,265,1052,9,-106,-490,-351,-430,-98,-484,-93,-481
a639,other,7,1829,1052,1052,9,-106,-490,-98,-484,-98,-484,-93,-481
a640,other,1,1829,65,1052,9,-106,-490,-238,-410,-98,-484,-93,-481
a641,other,2,1829,446,1052,9,-106,-490,-167,-313,-98,-484,-93,-481
a642,other,5,1829,471,1052,9,-106,-490,302,104,-98,-484,-93,-481
a643,other,1,1829,73,1052,9,-106,-490,-469,-442,-98,-484,-93,-481
a644,other,1,1829,118,1052,9,-106,-490,-143,-373,-98,-484,-93,-481
a645,other,1,1829,35,1052,9,-106,-490,-153,-499,-98,-484,-93,-481
a646,other,6,1829,684,1052,9,-106,-490,-94,-237,-98,-484,-93,-481
a647,other,6,1829,489,1052,9,-106,-490,-245,-383,-98,-484,-93,-481
a648,other,0,1829,88,1052,9,-106,-490,-208,-296,-98,-484,-93,-481
a649,other,4,1829,574,1052,9,-106,-490,-415,-541,-98,-484,-93,-481
a650,other,1,290,118,395,30,-196,-503,-143,-373,-203,-541,-210,-411
a651,other,2,290,365,395,30,-196,-503,-265,-276,-203,-541,-210,-411
a652,other,4,290,356,395,30,-196,-503,-365,82,-203,-541,-210,-411
a653,other,6,290,710,395,30,-196,-503,-90,-435,-203,-541,-210,-411
a654,other,6,290,463,395,30,-196,-503,-361,-275,-203,-541,-210,-411
a655,other,3,290,472,395,30,-196,-503,301,102,-203,-541,-210,-411
a656,other,7,290,395,395,30,-196,-503,-203,-541,-203,-541,-210,-411
a657,other,3,290,432,395,30,-196,-503,-220,-319,-203,-541,-210,-411
a658,other,0,290,232,395,30,-196,-503,-21,-382,-203,-541,-210,-411
a659,other,6,290,670,395,30,-196,-503,-122,-248,-203,-541,-210,-411
a660,other,5,290,667,395,30,-196,-503,-136,-244,-203,-541,-210,-411
a661,other,3,290,649,395,30,-196,-503,28,-276,-203,-541,-210,-411
a662,other,2,290,365,395,30,-196,-503,-265,-276,-203,-541,-210,-411
a663,other,7,290,395,395,30,-196,-503,-203,-541,-203,-541,-210,-411
a664,other,6,290,492,395,30,-196,-503,-246,-382,-203,-541,-210,-411
a665,other,2,290,393,395,30,-196,-503,-177,-312,-203,-541,-210,-411
a666,other,2,290,431,395,30,-196,-503,-168,-308,-203,-541,-210,-411
a667,other,4,290,334,395,30,-196,-503,-338,-250,-203,-541,-210,-411
a668,other,0,290,232,395,30,-196,-503,-21,-382,-203,-541,-210,-411
a669,other,5,290,386,395,30,-196,-503,-186,-341,-203,-541,-210,-411
a670,other,5,290,273,395,30,-196,-503,-351,-428,-203,-541,-210,-411
a671,other,8,290,395,395,30,-196,-503,-203,-541,-203,-541,-210,-411
a672,other,4,290,309,395,30,-196,-503,-488,-52,-203,-541,-210,-411
a673,other,3,310,492,876,1065,-23,-460,-246,-382,-83,-462,41,-451
a674,other,3,310,356,876,1065,-23,-460,-365,82,-83,-462,41,-451
a675,other,5,310,384,876,1065,-23,-460,-180,-328,-83,-462,41,-451
a676,other,5,310,365,876,1065,-23,-460,-265,-276,-83,-462,41,-451
a677,other,3,310,365,876,1065,-23,-460,-265,-276,-83,-462,41,-451
a678,other,2,310,509,876,1065,-23,-460,-437,-133,-83,-462,41,-451
a679,other,7,310,876,876,1065,-23,-460,-83,-462,-83,-462,41,-451
a680,other,5,310,463,876,1065,-23,-460,-361,-275,-83,-462,41,-451
a681,other,0,310,133,876,1065,-23,-460,-444,-416,-83,-462,41,-451
a682,other,4,310,410,876,1065,-23,-460,-175,-343,-83,-462,41,-451
a683,other,2,310,431,876,1065,-23,-460,-168,-308,-83,-462,41,-451
a684,other,8,310,876,876,1065,-23,-460,-83,-462,-83,-462,41,-451
a685,other,1,310,88,876,1065,-23,-460,-208,-296,-83,-462,41,-451
a686,other,5,310,358,876,1065,-23,-460,-266,-276,-83,-462,41,-451
a687,other,7,310,876,876,1065,-23,-460,-83,-462,-83,-462,41,-451
a688,other,4,310,450,876,1065,-23,-460,-191,-345,-83,-462,41,-451
a689,other,7,310,876,876,1065,-23,-460,-83,-462,-83,-462,41,-451
a690,other,5,310,600,876,1065,-23,-460,-348,-443,-83,-462,41,-451
a691,other,5,310,480,876,1065,-23,-460,264,52,-83,-462,41,-451
a692,other,7,310,876,876,1065,-23,-460,-83,-462,-83,-462,41,-451
a693,other,8,310,876,876,1065,-23,-460,-83,-462,-83,-462,41,-451
a694,other,4,310,273,876,1065,-23,-460,-351,-428,-83,-462,41,-451
a695,other,6,310,385,876,1065,-23,-460,-212,-307,-83,-462,41,-451
a696,other,2,1066,600,1052,1029,-106,-500,-348,-443,-98,-484,-88,-495
a697,other,8,188,2,2,452,-399,-407,-406,-390,-406,-390,-357,-409
a698,other,1,90,132,257,256,-122,-322,-443,-415,-135,-324,-135,-331
a699,other,2,90,386,257,256,-122,-322,-186,-341,-135,-324,-135,-331
a700,other,8,90,257,257,256,-122,-322,-135,-324,-135,-324,-135,-331
a701,other,6,90,670,257,256,-122,-322,-122,-248,-135,-324,-135,-331
a702,other,8,90,257,257,256,-122,-322,-135,-324,-135,-324,-135,-331
a703,other,5,90,496,257,256,-122,-322,353,-67,-135,-324,-135,-331
a704,other,5,90,724,257,256,-122,-322,-174,-515,-135,-324,-135,-331
a705,other,5,90,710,257,256,-122,-322,-90,-435,-135,-324,-135,-331
a706,other,6,90,613,257,256,-122,-322,-296,-563,-135,-324,-135,-331
a707,other,1,90,132,257,256,-122,-322,-443,-415,-135,-324,-135,-331
a708,other,7,90,257,257,256,-122,-322,-135,-324,-135,-324,-135,-331
a709,other,0,90,139,257,256,-122,-322,-377,-425,-135,-324,-135,-331
a710,other,3,90,667,257,256,-122,-322,-136,-244,-135,-324,-135,-331
a711,other,2,90,489,257,256,-122,-322,-245,-383,-135,-324,-135,-331
a712,other,6,90,466,257,256,-122,-322,417,71,-135,-324,-135,-331
a713,other,2,90,724,257,256,-122,-322,-174,-515,-135,-324,-135,-331
a714,other,1,90,65,257,256,-122,-322,-238,-410,-135,-324,-135,-331
a715,other,4,90,375,257,256,-122,-322,-227,-312,-135,-324,-135,-331
a716,other,8,90,257,257,256,-122,-322,-135,-324,-135,-324,-135,-331
a717,other,4,90,471,257,256,-122,-322,302,104,-135,-324,-135,-331
a718,other,5,90,334,257,256,-122,-322,-338,-250,-135,-324,-135,-331
a719,other,3,90,385,257,256,-122,-322,-212,-307,-135,-324,-135,-331
a720,other,1,1852,35,1052,9,-100,-481,-153,-499,-98,-484,-93,-481
a721,other,0,1852,135,1052,9,-100,-481,-425,-372,-98,-484,-93,-481
a722,other,6,1852,471,1052,9,-100,-481,302,104,-98,-484,-93,-481
a723,other,7,583,960,960,982,-149,-423,-121,-408,-121,-408,-118,-414
a724,other,2,583,431,960,982,-149,-423,-168,-308,-121,-408,-118,-414
a725,other,8,583,960,960,982,-149,-423,-121,-408,-121,-408,-118,-414
a726,other,6,583,432,960,982,-149,-423,-220,-319,-121,-408,-118,-414
a727,other,1,1278,118,876,9,-94,-465,-143,-373,-83,-462,-93,-481
a728,other,0,1278,135,876,9,-94,-465,-425,-372,-83,-462,-93,-481
a729,other,5,427,489,876,871,-25,-464,-245,-383,-83,-462,-80,-491
a730,other,3,427,472,876,871,-25,-464,301,102,-83,-462,-80,-491
a731,other,4,427,532,876,871,-25,-464,-525,-185,-83,-462,-80,-491
a732,other,3,935,600,1035,1038,-28,-364,-348,-443,-17,-357,-14,-359
a733,other,1,1611,132,1052,9,-118,-494,-443,-415,-98,-484,-93,-481
a734,other,6,1611,322,1052,9,-118,-494,-216,-353,-98,-484,-93,-481
a735,other,3,1768,386,1052,9,-135,-462,-186,-341,-98,-484,-93,-481
a736,other,4,1233,643,1052,25,-95,-489,34,-273,-98,-484,-89,-484
a737,other,4,1233,486,1052,25,-95,-489,258,56,-98,-484,-89,-484
a738,other,2,1233,431,1052,25,-95,-489,-168,-308,-98,-484,-89,-484
a739,other,7,1233,1052,1052,25,-95,-489,-98,-484,-98,-484,-89,-484
a740,other,0,1233,170,1052,25,-95,-489,-215,-437,-98,-484,-89,-484
a741,other,6,1233,474,1052,25,-95,-489,300,104,-98,-484,-89,-484
a742,other,7,1233,1052,1052,25,-95,-489,-98,-484,-98,-484,-89,-484
a743,other,2,1233,463,1052,25,-95,-489,-361,-275,-98,-484,-89,-484
a744,other,6,1233,358,1052,25,-95,-489,-266,-276,-98,-484,-89,-484
a745,other,3,1233,331,1052,25,-95,-489,89,-167,-98,-484,-89,-484
a746,other,2,1233,643,1052,25,-95,-489,34,-273,-98,-484,-89,-484
a747,other,4,1233,472,1052,25,-95,-489,301,102,-98,-484,-89,-484
a748,other,7,1233,1052,1052,25,-95,-489,-98,-484,-98,-484,-89,-484
a749,other,3,1233,649,1052,25,-95,-489,28,-276,-98,-484,-89,-484
a750,other,0,1233,232,1052,25,-95,-489,-21,-382,-98,-484,-89,-484
a751,other,2,1233,486,1052,25,-95,-489,258,56,-98,-484,-89,-484
a752,other,4,1233,474,1052,25,-95,-489,300,104,-98,-484,-89,-484
a753,other,5,1233,384,1052,25,-95,-489,-180,-328,-98,-484,-89,-484
a754,other,8,1233,1052,1052,25,-95,-489,-98,-484,-98,-484,-89,-484
a755,other,6,1233,309,1052,25,-95,-489,-488,-52,-98,-484,-89,-484
a756,other,6,1233,600,1052,25,-95,-489,-348,-443,-98,-484,-89,-484
a757,other,5,1233,386,1052,25,-95,-489,-186,-341,-98,-484,-89,-484
a758,other,3,554,393,871,1065,-17,-481,-177,-312,-80,-491,41,-451
a759,other,1,554,137,871,1065,-17,-481,-425,-371,-80,-491,41,-451
a760,other,2,554,265,871,1065,-17,-481,-351,-430,-80,-491,41,-451
a761,other,2,554,431,871,1065,-17,-481,-168,-308,-80,-491,41,-451
a762,other,2,787,431,269,382,-333,-374,-168,-308,-335,-402,-338,-346
a763,other,6,787,265,269,382,-333,-374,-351,-430,-335,-402,-338,-346
a764,other,5,328,600,1065,876,-19,-462,-348,-443,41,-451,-83,-462
a765,other,2,1179,623,1029,304,-96,-500,-309,-555,-88,-495,-86,-498
a766,other,2,1759,431,1052,9,-126,-495,-168,-308,-98,-484,-93,-481
a767,other,5,1759,578,1052,9,-126,-495,-426,-549,-98,-484,-93,-481
a768,other,0,985,35,395,1052,-196,-552,-153,-499,-203,-541,-98,-484
a769,other,8,985,395,395,1052,-196,-552,-203,-541,-203,-541,-98,-484
a770,other,2,1224,669,9,25,-90,-481,-84,-239,-93,-481,-89,-484
a771,other,3,1224,649,9,25,-90,-481,28,-276,-93,-481,-89,-484
a772,other,7,1291,876,876,9,-94,-463,-83,-462,-83,-462,-93,-481
a773,other,1,1291,88,876,9,-94,-463,-208,-296,-83,-462,-93,-481
a774,other,6,1291,509,876,9,-94,-463,-437,-133,-83,-462,-93,-481
a775,other,6,1291,450,876,9,-94,-463,-191,-345,-83,-462,-93,-481
a776,other,4,1291,613,876,9,-94,-463,-296,-563,-83,-462,-93,-481
a777,other,1,1267,139,876,9,-92,-468,-377,-425,-83,-462,-93,-481
a778,other,3,1267,450,876,9,-92,-468,-191,-345,-83,-462,-93,-481
a779,other,7,1267,876,876,9,-92,-468,-83,-462,-83,-462,-93,-481
a780,other,5,100,309,30,489,-237,-455,-488,-52,-210,-411,-290,-455
a781,other,1,100,132,30,489,-237,-455,-443,-415,-210,-411,-290,-455
a782,other,2,100,331,30,489,-237,-455,89,-167,-210,-411,-290,-455
a783,other,4,100,710,30,489,-237,-455,-90,-435,-210,-411,-290,-455
a784,other,6,100,474,30,489,-237,-455,300,104,-210,-411,-290,-455
a785,other,1,100,88,30,489,-237,-455,-208,-296,-210,-411,-290,-455
a786,other,8,100,30,30,489,-237,-455,-210,-411,-210,-411,-290,-455
a787,other,3,100,685,30,489,-237,-455,-84,-234,-210,-411,-290,-455
a788,other,3,100,331,30,489,-237,-455,89,-167,-210,-411,-290,-455
a789,other,5,100,623,30,489,-237,-455,-309,-555,-210,-411,-290,-455
a790,other,3,100,710,30,489,-237,-455,-90,-435,-210,-411,-290,-455
a791,other,2,100,643,30,489,-237,-455,34,-273,-210,-411,-290,-455
a792,other,2,100,244,30,489,-237,-455,-86,-473,-210,-411,-290,-455
a793,other,6,100,386,30,489,-237,-455,-186,-341,-210,-411,-290,-455
a794,other,3,100,431,30,489,-237,-455,-168,-308,-210,-411,-290,-455
a795,other,1,100,65,30,489,-237,-455,-238,-410,-210,-411,-290,-455
a796,other,2,100,365,30,489,-237,-455,-265,-276,-210,-411,-290,-455
a797,other,7,100,30,30,489,-237,-455,-210,-411,-210,-411,-290,-455
a798,other,1,100,35,30,489,-237,-455,-153,-499,-210,-411,-290,-455
a799,other,7,100,30,30,489,-237,-455,-210,-411,-210,-411,-290,-455
a800,other,2,100,446,30,489,-237,-455,-167,-313,-210,-411,-290,-455
a801,other,3,100,685,30,489,-237,-455,-84,-234,-210,-411,-290,-455
a802,other,7,1334,876,876,9,-97,-462,-83,-462,-83,-462,-93,-481
a803,other,1,1757,73,1052,9,-118,-494,-469,-442,-98,-484,-93,-481
a804,other,6,587,574,395,1052,-177,-488,-415,-541,-203,-541,-98,-484
a805,other,3,587,334,395,1052,-177,-488,-338,-250,-203,-541,-98,-484
a806,other,3,587,669,395,1052,-177,-488,-84,-239,-203,-541,-98,-484
a807,other,3,587,365,395,1052,-177,-488,-265,-276,-203,-541,-98,-484
a808,other,5,587,600,395,1052,-177,-488,-348,-443,-203,-541,-98,-484
a809,other,4,587,623,395,1052,-177,-488,-309,-555,-203,-541,-98,-484
a810,other,1,587,35,395,1052,-177,-488,-153,-499,-203,-541,-98,-484
a811,other,5,587,375,395,1052,-177,-488,-227,-312,-203,-541,-98,-484
a812,other,0,587,132,395,1052,-177,-488,-443,-415,-203,-541,-98,-484
a813,other,4,587,272,395,1052,-177,-488,-351,-426,-203,-541,-98,-484
a814,other,2,587,386,395,1052,-177,-488,-186,-341,-203,-541,-98,-484
a815,other,3,587,331,395,1052,-177,-488,89,-167,-203,-541,-98,-484
a816,other,7,587,395,395,1052,-177,-488,-203,-541,-203,-541,-98,-484
a817,other,6,587,667,395,1052,-177,-488,-136,-244,-203,-541,-98,-484
a818,other,4,587,322,395,1052,-177,-488,-216,-353,-203,-541,-98,-484
a819,other,5,587,265,395,1052,-177,-488,-351,-430,-203,-541,-98,-484
a820,other,6,587,532,395,1052,-177,-488,-525,-185,-203,-541,-98,-484
a821,other,4,587,393,395,1052,-177,-488,-177,-312,-203,-541,-98,-484
a822,other,2,587,496,395,1052,-177,-488,353,-67,-203,-541,-98,-484
a823,other,6,587,574,395,1052,-177,-488,-415,-541,-203,-541,-98,-484
a824,other,7,587,395,395,1052,-177,-488,-203,-541,-203,-541,-98,-484
a825,other,7,587,395,395,1052,-177,-488,-203,-541,-203,-541,-98,-484
a826,other,1,1486,135,876,9,-103,-451,-425,-372,-83,-462,-93,-481
a827,other,5,1486,724,876,9,-103,-451,-174,-515,-83,-462,-93,-481
a828,other,5,1486,578,876,9,-103,-451,-426,-549,-83,-462,-93,-481
a829,other,4,556,365,1065,146,5,-460,-265,-276,41,-451,-29,-389
a830,other,2,556,474,1065,146,5,-460,300,104,41,-451,-29,-389
a831,other,4,556,623,1065,146,5,-460,-309,-555,41,-451,-29,-389
a832,other,2,97,643,489,90,-251,-463,34,-273,-290,-455,-301,-458
a833,other,8,97,489,489,90,-251,-463,-290,-455,-290,-455,-301,-458
a834,other,7,97,489,489,90,-251,-463,-290,-455,-290,-455,-301,-458
a835,other,6,97,471,489,90,-251,-463,302,104,-290,-455,-301,-458
a836,other,3,97,410,489,90,-251,-463,-175,-343,-290,-455,-301,-458
a837,other,6,97,446,489,90,-251,-463,-167,-313,-290,-455,-301,-458
a838,other,2,97,623,489,90,-251,-463,-309,-555,-290,-455,-301,-458
a839,other,6,97,385,489,90,-251,-463,-212,-307,-290,-455,-301,-458
a840,other,3,97,608,489,90,-251,-463,-360,-425,-290,-455,-301,-458
a841,other,6,97,393,489,90,-251,-463,-177,-312,-290,-455,-301,-458
a842,other,5,97,356,489,90,-251,-463,-365,82,-290,-455,-301,-458
a843,other,5,97,265,489,90,-251,-463,-351,-430,-290,-455,-301,-458
a844,other,5,97,685,489,90,-251,-463,-84,-234,-290,-455,-301,-458
a845,other,8,97,489,489,90,-251,-463,-290,-455,-290,-455,-301,-458
a846,other,2,97,670,489,90,-251,-463,-122,-248,-290,-455,-301,-458
a847,other,7,97,489,489,90,-251,-463,-290,-455,-290,-455,-301,-458
a848,other,3,97,375,489,90,-251,-463,-227,-312,-290,-455,-301,-458
a849,other,2,97,471,489,90,-251,-463,302,104,-290,-455,-301,-458
a850,other,7,97,489,489,90,-251,-463,-290,-455,-290,-455,-301,-458
a851,other,2,97,724,489,90,-251,-463,-174,-515,-290,-455,-301,-458
a852,other,2,97,432,489,90,-251,-463,-220,-319,-290,-455,-301,-458
a853,other,5,97,356,489,90,-251,-463,-365,82,-290,-455,-301,-458
a854,other,2,1600,244,982,960,-134,-442,-86,-473,-118,-414,-121,-408
a855,other,1,1600,135,982,960,-134,-442,-425,-372,-118,-414,-121,-408
a856,other,6,1600,322,982,960,-134,-442,-216,-353,-118,-414,-121,-408
a857,other,8,1600,982,982,960,-134,-442,-118,-414,-118,-414,-121,-408
a858,other,5,265,472,1029,1052,-99,-497,301,102,-88,-495,-98,-484
a859,other,4,265,446,1029,1052,-99,-497,-167,-313,-88,-495,-98,-484
a860,other,6,265,365,1029,1052,-99,-497,-265,-276,-88,-495,-98,-484
a861,other,4,265,244,1029,1052,-99,-497,-86,-473,-88,-495,-98,-484
a862,other,3,265,684,1029,1052,-99,-497,-94,-237,-88,-495,-98,-484
a863,other,6,265,578,1029,1052,-99,-497,-426,-549,-88,-495,-98,-484
a864,other,6,265,496,1029,1052,-99,-497,353,-67,-88,-495,-98,-484
a865,other,6,265,474,1029,1052,-99,-497,300,104,-88,-495,-98,-484
a866,other,3,265,600,1029,1052,-99,-497,-348,-443,-88,-495,-98,-484
a867,other,4,265,272,1029,1052,-99,-497,-351,-426,-88,-495,-98,-484
a868,other,3,265,474,1029,1052,-99,-497,300,104,-88,-495,-98,-484
a869,other,8,265,1029,1029,1052,-99,-497,-88,-495,-88,-495,-98,-484
a870,other,2,265,270,1029,1052,-99,-497,-354,-424,-88,-495,-98,-484
a871,other,4,265,309,1029,1052,-99,-497,-488,-52,-88,-495,-98,-484
a872,other,0,265,137,1029,1052,-99,-497,-425,-371,-88,-495,-98,-484
a873,other,2,265,431,1029,1052,-99,-497,-168,-308,-88,-495,-98,-484
a874,other,7,265,1029,1029,1052,-99,-497,-88,-495,-88,-495,-98,-484
a875,other,1,265,170,1029,1052,-99,-497,-215,-437,-88,-495,-98,-484
a876,other,8,265,1029,1029,1052,-99,-497,-88,-495,-88,-495,-98,-484
a877,other,7,265,1029,1029,1052,-99,-497,-88,-495,-88,-495,-98,-484
a878,other,0,265,170,1029,1052,-99,-497,-215,-437,-88,-495,-98,-484
a879,other,6,265,670,1029,1052,-99,-497,-122,-248,-88,-495,-98,-484
a880,other,5,1663,509,1052,9,-155,-486,-437,-133,-98,-484,-93,-481
a881,other,8,1663,1052,1052,9,-155,-486,-98,-484,-98,-484,-93,-481
a882,other,0,1663,139,1052,9,-155,-486,-377,-425,-98,-484,-93,-481
a883,other,3,1663,710,1052,9,-155,-486,-90,-435,-98,-484,-93,-481
a884,other,7,1663,1052,1052,9,-155,-486,-98,-484,-98,-484,-93,-481
a885,other,1,1663,137,1052,9,-155,-486,-425,-371,-98,-484,-93,-481
a886,other,6,1663,334,1052,9,-155,-486,-338,-250,-98,-484,-93,-481
a887,other,2,1663,489,1052,9,-155,-486,-245,-383,-98,-484,-93,-481
a888,other,7,1663,1052,1052,9,-155,-486,-98,-484,-98,-484,-93,-481
a889,other,5,1663,710,1052,9,-155,-486,-90,-435,-98,-484,-93,-481
a890,other,7,1663,1052,1052,9,-155,-486,-98,-484,-98,-484,-93,-481
a891,other,1,1663,92,1052,9,-155,-486,10,-325,-98,-484,-93,-481
a892,other,5,1663,358,1052,9,-155,-486,-266,-276,-98,-484,-93,-481
a893,other,5,1663,265,1052,9,-155,-486,-351,-430,-98,-484,-93,-481
a894,other,4,1663,471,1052,9,-155,-486,302,104,-98,-484,-93,-481
a895,other,5,1663,265,1052,9,-155,-486,-351,-430,-98,-484,-93,-481
a896,other,7,1663,1052,1052,9,-155,-486,-98,-484,-98,-484,-93,-481
a897,other,6,1663,463,1052,9,-155,-486,-361,-275,-98,-484,-93,-481
a898,other,1,1663,132,1052,9,-155,-486,-443,-415,-98,-484,-93,-481
a899,other,2,1663,492,1052,9,-155,-486,-246,-382,-98,-484,-93,-481
a900,other,3,1663,384,1052,9,-155,-486,-180,-328,-98,-484,-93,-481
a901,other,2,1663,684,1052,9,-155,-486,-94,-237,-98,-484,-93,-481
a902,other,3,1899,334,146,876,-26,-443,-338,-250,-29,-389,-83,-462
a903,other,4,1899,670,146,876,-26,-443,-122,-248,-29,-389,-83,-462
a904,other,2,1737,265,1052,9,-152,-484,-351,-430,-98,-484,-93,-481
a905,other,5,1737,393,1052,9,-152,-484,-177,-312,-98,-484,-93,-481
a906,other,4,1737,623,1052,9,-152,-484,-309,-555,-98,-484,-93,-481
a907,other,0,1737,35,1052,9,-152,-484,-153,-499,-98,-484,-93,-481
a908,other,3,1737,356,1052,9,-152,-484,-365,82,-98,-484,-93,-481
a909,other,5,1737,710,1052,9,-152,-484,-90,-435,-98,-484,-93,-481
a910,other,1,1737,232,1052,9,-152,-484,-21,-382,-98,-484,-93,-481
a911,other,4,1737,386,1052,9,-152,-484,-186,-341,-98,-484,-93,-481
a912,other,0,1737,65,1052,9,-152,-484,-238,-410,-98,-484,-93,-481
a913,other,8,1737,1052,1052,9,-152,-484,-98,-484,-98,-484,-93,-481
a914,other,8,1737,1052,1052,9,-152,-484,-98,-484,-98,-484,-93,-481
a915,other,5,1737,489,1052,9,-152,-484,-245,-383,-98,-484,-93,-481
a916,other,6,1737,496,1052,9,-152,-484,353,-67,-98,-484,-93,-481
a917,other,3,1737,724,1052,9,-152,-484,-174,-515,-98,-484,-93,-481
a918,other,0,1737,73,1052,9,-152,-484,-469,-442,-98,-484,-93,-481
a919,other,3,1737,623,1052,9,-152,-484,-309,-555,-98,-484,-93,-481
a920,other,1,1737,118,1052,9,-152,-484,-143,-373,-98,-484,-93,-481
a921,other,6,1737,670,1052,9,-152,-484,-122,-248,-98,-484,-93,-481
a922,other,8,1737,1052,1052,9,-152,-484,-98,-484,-98,-484,-93,-481
a923,other,7,1737,1052,1052,9,-152,-484,-98,-484,-98,-484,-93,-481
a924,other,0,1737,232,1052,9,-152,-484,-21,-382,-98,-484,-93,-481
a925,other,7,1737,1052,1052,9,-152,-484,-98,-484,-98,-484,-93,-481
a926,other,1,1737,170,1052,9,-152,-484,-215,-437,-98,-484,-93,-481
a927,other,5,424,613,876,871,-25,-463,-296,-563,-83,-462,-80,-491
a928,other,0,424,137,876,871,-25,-463,-425,-371,-83,-462,-80,-491
a929,other,2,230,643,1052,9,-126,-458,34,-273,-98,-484,-93,-481
a930,other,4,230,309,1052,9,-126,-458,-488,-52,-98,-484,-93,-481
a931,other,6,230,432,1052,9,-126,-458,-220,-319,-98,-484,-93,-481
a932,other,5,1656,309,1052,9,-120,-494,-488,-52,-98,-484,-93,-481
a933,other,5,1656,471,1052,9,-120,-494,302,104,-98,-484,-93,-481
a934,other,2,1656,578,1052,9,-120,-494,-426,-549,-98,-484,-93,-481
a935,other,3,1656,643,1052,9,-120,-494,34,-273,-98,-484,-93,-481
a936,other,0,1656,137,1052,9,-120,-494,-425,-371,-98,-484,-93,-481
a937,other,0,1826,35,1052,9,-123,-495,-153,-499,-98,-484,-93,-481
a938,other,4,1826,509,1052,9,-123,-495,-437,-133,-98,-484,-93,-481
a939,other,4,1826,309,1052,9,-123,-495,-488,-52,-98,-484,-93,-481
a940,other,1,1826,232,1052,9,-123,-495,-21,-382,-98,-484,-93,-481
a941,other,8,1826,1052,1052,9,-123,-495,-98,-484,-98,-484,-93,-481
a942,other,3,1826,710,1052,9,-123,-495,-90,-435,-98,-484,-93,-481
a943,other,7,1826,1052,1052,9,-123,-495,-98,-484,-98,-484,-93,-481
a944,other,8,1826,1052,1052,9,-123,-495,-98,-484,-98,-484,-93,-481
a945,other,5,1826,574,1052,9,-123,-495,-415,-541,-98,-484,-93,-481
a946,other,3,1826,450,1052,9,-123,-495,-191,-345,-98,-484,-93,-481
a947,other,3,1826,613,1052,9,-123,-495,-296,-563,-98,-484,-93,-481
a948,other,4,1826,334,1052,9,-123,-495,-338,-250,-98,-484,-93,-481
a949,other,1,1826,65,1052,9,-123,-495,-238,-410,-98,-484,-93,-481
a950,other,4,1826,496,1052,9,-123,-495,353,-67,-98,-484,-93,-481
a951,other,7,1826,1052,1052,9,-123,-495,-98,-484,-98,-484,-93,-481
a952,other,1,1826,118,1052,9,-123,-495,-143,-373,-98,-484,-93,-481
a953,other,1,1826,92,1052,9,-123,-495,10,-325,-98,-484,-93,-481
a954,other,7,1826,1052,1052,9,-123,-495,-98,-484,-98,-484,-93,-481
a955,other,3,1826,492,1052,9,-123,-495,-246,-382,-98,-484,-93,-481
a956,other,2,1826,496,1052,9,-123,-495,353,-67,-98,-484,-93,-481
a957,other,6,1826,532,1052,9,-123,-495,-525,-185,-98,-484,-93,-481
a958,other,1,1826,137,1052,9,-123,-495,-425,-371,-98,-484,-93,-481
a959,other,5,1636,643,982,922,-118,-430,34,-273,-118,-414,-116,-410
a960,other,8,1636,982,982,922,-118,-430,-118,-414,-118,-414,-116,-410
a961,other,3,1636,322,982,922,-118,-430,-216,-353,-118,-414,-116,-410
a962,other,5,1636,486,982,922,-118,-430,258,56,-118,-414,-116,-410
a963,other,2,1636,410,982,922,-118,-430,-175,-343,-118,-414,-116,-410
a964,other,3,1636,386,982,922,-118,-430,-186,-341,-118,-414,-116,-410
a965,other,6,1636,383,982,922,-118,-430,-212,-305,-118,-414,-116,-410
a966,other,2,1636,669,982,922,-118,-430,-84,-239,-118,-414,-116,-410
a967,other,5,1636,578,982,922,-118,-430,-426,-549,-118,-414,-116,-410
a968,other,6,1636,684,982,922,-118,-430,-94,-237,-118,-414,-116,-410
a969,other,8,1636,982,982,922,-118,-430,-118,-414,-118,-414,-116,-410
a970,other,8,1636,982,982,922,-118,-430,-118,-414,-118,-414,-116,-410
a971,other,6,1636,244,982,922,-118,-430,-86,-473,-118,-414,-116,-410
a972,other,8,1636,982,982,922,-118,-430,-118,-414,-118,-414,-116,-410
a973,other,6,1636,574,982,922,-118,-430,-415,-541,-118,-414,-116,-410
a974,other,3,1636,331,982,922,-118,-430,89,-167,-118,-414,-116,-410
a975,other,3,1636,578,982,922,-118,-430,-426,-549,-118,-414,-116,-410
a976,other,8,1636,982,982,922,-118,-430,-118,-414,-118,-414,-116,-410
a977,other,5,1636,496,982,922,-118,-430,353,-67,-118,-414,-116,-410
a978,other,1,1636,232,982,922,-118,-430,-21,-382,-118,-414,-116,-410
a979,other,4,1636,667,982,922,-118,-430,-136,-244,-118,-414,-116,-410
a980,other,1,1636,170,982,922,-118,-430,-215,-437,-118,-414,-116,-410
a981,other,8,1636,982,982,922,-118,-430,-118,-414,-118,-414,-116,-410
a982,other,4,104,600,257,275,-128,-320,-348,-443,-135,-324,-139,-322
a983,other,3,104,334,257,275,-128,-320,-338,-250,-135,-324,-139,-322
a984,other,0,455,170,1065,871,-6,-476,-215,-437,41,-451,-80,-491
a985,other,5,455,358,1065,871,-6,-476,-266,-276,41,-451,-80,-491
a986,other,7,1132,1029,1029,304,-95,-500,-88,-495,-88,-495,-86,-498
a987,other,3,1132,667,1029,304,-95,-500,-136,-244,-88,-495,-86,-498
a988,other,3,575,496,1065,146,23,-454,353,-67,41,-451,-29,-389
a989,other,7,1098,30,30,960,-203,-436,-210,-411,-210,-411,-121,-408
a990,other,2,1098,613,30,960,-203,-436,-296,-563,-210,-411,-121,-408
a991,other,3,1098,649,30,960,-203,-436,28,-276,-210,-411,-121,-408
a992,other,0,1098,35,30,960,-203,-436,-153,-499,-210,-411,-121,-408
a993,other,2,1098,667,30,960,-203,-436,-136,-244,-210,-411,-121,-408
a994,other,3,1098,474,30,960,-203,-436,300,104,-210,-411,-121,-408
a995,other,2,1098,393,30,960,-203,-436,-177,-312,-210,-411,-121,-408
a996,other,6,1098,463,30,960,-203,-436,-361,-275,-210,-411,-121,-408
a997,other,5,1098,649,30,960,-203,-436,28,-276,-210,-411,-121,-408
a998,other,3,1098,649,30,960,-203,-436,28,-276,-210,-411,-121,-408
a999,other,3,1098,472,30,960,-203,-436,301,102,-210,-411,-121,-408
a1000,other,7,1098,30,30,960,-203,-436,-210,-411,-210,-411,-121,-408
